Dataset Name Left Out,Cross Validation,Hyper-Parameters Values,Accuracy,TPR,FPR,Precision,AUC,PR-Curve,Training Time(time.perf_counter()),Inference Time(time.perf_counter()
acute-inflammation,1,"{'clf__n_jobs': -1, 'clf__n_estimators': 300, 'clf__max_depth': 15, 'clf__learning_rate': 0.3, 'clf__colsample_bytree': 0.6500000000000001}",0.6666666666666666,0.0,0.0,0.3333333333333333,1.0,1.0,103.59,0.01
acute-nephritis,2,"{'clf__n_jobs': -1, 'clf__n_estimators': 550, 'clf__max_depth': 22, 'clf__learning_rate': 0.5, 'clf__colsample_bytree': 0.8500000000000002}",1.0,1.0,0.0,1.0,1.0,1.0,103.18,0.01
analcatdata_asbestos,3,"{'clf__n_jobs': -1, 'clf__n_estimators': 250, 'clf__max_depth': 12, 'clf__learning_rate': 0.35000000000000003, 'clf__colsample_bytree': 0.6000000000000002}",0.3333333333333333,0.0,0.5,0.25,0.5,0.5,102.45,0.01
analcatdata_boxing1,4,"{'clf__n_jobs': -1, 'clf__n_estimators': 250, 'clf__max_depth': 12, 'clf__learning_rate': 0.35000000000000003, 'clf__colsample_bytree': 0.6000000000000002}",0.3333333333333333,0.0,0.5,0.25,0.5,0.5,102.36,0.01
analcatdata_broadwaymult,5,"{'clf__n_jobs': -1, 'clf__n_estimators': 300, 'clf__max_depth': 15, 'clf__learning_rate': 0.3, 'clf__colsample_bytree': 0.6500000000000001}",1.0,1.0,0.0,1.0,1.0,1.0,102.63,0.01
analcatdata_germangss,6,"{'clf__n_jobs': -1, 'clf__n_estimators': 250, 'clf__max_depth': 12, 'clf__learning_rate': 0.35000000000000003, 'clf__colsample_bytree': 0.6000000000000002}",0.6666666666666666,0.0,0.0,0.3333333333333333,1.0,1.0,102.48,0.01
analcatdata_lawsuit,7,"{'clf__n_jobs': -1, 'clf__n_estimators': 300, 'clf__max_depth': 15, 'clf__learning_rate': 0.3, 'clf__colsample_bytree': 0.6500000000000001}",1.0,1.0,0.0,1.0,1.0,1.0,102.44,0.01
annealing,8,"{'clf__n_jobs': -1, 'clf__n_estimators': 250, 'clf__max_depth': 12, 'clf__learning_rate': 0.35000000000000003, 'clf__colsample_bytree': 0.6000000000000002}",0.6666666666666666,0.0,0.0,0.3333333333333333,1.0,1.0,102.48,0.01
ar4,9,"{'clf__n_jobs': -1, 'clf__n_estimators': 750, 'clf__max_depth': 24, 'clf__learning_rate': 0.25, 'clf__colsample_bytree': 0.25000000000000006}",0.6666666666666666,0.0,0.0,0.3333333333333333,0.5,0.5,102.52,0.01
arrhythmia,10,"{'clf__n_jobs': -1, 'clf__n_estimators': 750, 'clf__max_depth': 24, 'clf__learning_rate': 0.25, 'clf__colsample_bytree': 0.25000000000000006}",0.3333333333333333,0.0,0.5,0.25,0.5,0.5,102.56,0.01
audiology-std,11,"{'clf__n_jobs': -1, 'clf__n_estimators': 300, 'clf__max_depth': 15, 'clf__learning_rate': 0.3, 'clf__colsample_bytree': 0.6500000000000001}",1.0,1.0,0.0,1.0,1.0,1.0,102.65,0.01
balance-scale,12,"{'clf__n_jobs': -1, 'clf__n_estimators': 300, 'clf__max_depth': 15, 'clf__learning_rate': 0.3, 'clf__colsample_bytree': 0.6500000000000001}",0.3333333333333333,0.0,0.5,0.25,0.0,0.3333333333333333,102.57,0.01
bank,13,"{'clf__n_jobs': -1, 'clf__n_estimators': 950, 'clf__max_depth': 15, 'clf__learning_rate': 0.45, 'clf__colsample_bytree': 0.6500000000000001}",0.6666666666666666,0.0,0.0,0.3333333333333333,0.5,0.5,103.25,0.01
baseball,14,"{'clf__n_jobs': -1, 'clf__n_estimators': 950, 'clf__max_depth': 15, 'clf__learning_rate': 0.45, 'clf__colsample_bytree': 0.6500000000000001}",0.3333333333333333,0.0,0.5,0.25,0.0,0.3333333333333333,102.90,0.09
blood,15,"{'clf__n_jobs': -1, 'clf__n_estimators': 300, 'clf__max_depth': 15, 'clf__learning_rate': 0.3, 'clf__colsample_bytree': 0.6500000000000001}",0.6666666666666666,0.0,0.0,0.3333333333333333,0.0,0.3333333333333333,102.42,0.01
bodyfat,16,"{'clf__n_jobs': -1, 'clf__n_estimators': 300, 'clf__max_depth': 15, 'clf__learning_rate': 0.3, 'clf__colsample_bytree': 0.6500000000000001}",1.0,1.0,0.0,1.0,1.0,1.0,102.71,0.01
braziltourism,17,"{'clf__n_jobs': -1, 'clf__n_estimators': 600, 'clf__max_depth': 26, 'clf__learning_rate': 0.7500000000000001, 'clf__colsample_bytree': 0.8500000000000002}",0.6666666666666666,0.0,0.0,0.3333333333333333,1.0,1.0,103.05,0.01
breast-cancer-wisc-diag,18,"{'clf__n_jobs': -1, 'clf__n_estimators': 350, 'clf__max_depth': 7, 'clf__learning_rate': 0.9000000000000001, 'clf__colsample_bytree': 0.8000000000000002}",1.0,1.0,0.0,1.0,1.0,1.0,102.61,0.01
breast-cancer-wisc-prog,19,"{'clf__n_jobs': -1, 'clf__n_estimators': 250, 'clf__max_depth': 12, 'clf__learning_rate': 0.35000000000000003, 'clf__colsample_bytree': 0.6000000000000002}",1.0,1.0,0.0,1.0,1.0,1.0,102.71,0.01
breast-cancer-wisc,20,"{'clf__n_jobs': -1, 'clf__n_estimators': 300, 'clf__max_depth': 15, 'clf__learning_rate': 0.3, 'clf__colsample_bytree': 0.6500000000000001}",0.3333333333333333,0.0,0.5,0.25,0.0,0.3333333333333333,102.53,0.01
breast-cancer,21,"{'clf__n_jobs': -1, 'clf__n_estimators': 250, 'clf__max_depth': 12, 'clf__learning_rate': 0.35000000000000003, 'clf__colsample_bytree': 0.6000000000000002}",0.6666666666666666,0.0,0.0,0.3333333333333333,0.0,0.3333333333333333,102.19,0.01
breast-tissue,22,"{'clf__n_jobs': -1, 'clf__n_estimators': 250, 'clf__max_depth': 12, 'clf__learning_rate': 0.35000000000000003, 'clf__colsample_bytree': 0.6000000000000002}",0.3333333333333333,0.0,0.5,0.25,0.0,0.3333333333333333,101.98,0.01
car,23,"{'clf__n_jobs': -1, 'clf__n_estimators': 300, 'clf__max_depth': 15, 'clf__learning_rate': 0.3, 'clf__colsample_bytree': 0.6500000000000001}",0.6666666666666666,0.0,0.0,0.3333333333333333,0.0,0.3333333333333333,116.03,0.01
cardiotocography-10clases,24,"{'clf__n_jobs': -1, 'clf__n_estimators': 100, 'clf__max_depth': 19, 'clf__learning_rate': 0.15000000000000002, 'clf__colsample_bytree': 0.8000000000000002}",0.6666666666666666,0.0,0.0,0.3333333333333333,1.0,1.0,110.41,0.01
cardiotocography-3clases,25,"{'clf__n_jobs': -1, 'clf__n_estimators': 250, 'clf__max_depth': 46, 'clf__learning_rate': 0.8500000000000001, 'clf__colsample_bytree': 0.6000000000000002}",0.3333333333333333,0.0,0.5,0.25,0.5,0.5,103.69,0.01
chatfield_4,26,"{'clf__n_jobs': -1, 'clf__n_estimators': 550, 'clf__max_depth': 22, 'clf__learning_rate': 0.5, 'clf__colsample_bytree': 0.8500000000000002}",1.0,1.0,0.0,1.0,1.0,1.0,105.15,0.01
chess-krvkp,27,"{'clf__n_jobs': -1, 'clf__n_estimators': 950, 'clf__max_depth': 13, 'clf__learning_rate': 0.3, 'clf__colsample_bytree': 0.8500000000000002}",0.3333333333333333,0.0,0.5,0.25,0.0,0.3333333333333333,105.61,0.01
cloud,28,"{'clf__n_jobs': -1, 'clf__n_estimators': 300, 'clf__max_depth': 15, 'clf__learning_rate': 0.3, 'clf__colsample_bytree': 0.6500000000000001}",0.3333333333333333,0.0,0.5,0.25,0.5,0.5,104.20,0.01
congressional-voting,29,"{'clf__n_jobs': -1, 'clf__n_estimators': 250, 'clf__max_depth': 12, 'clf__learning_rate': 0.35000000000000003, 'clf__colsample_bytree': 0.6000000000000002}",0.3333333333333333,0.0,0.5,0.25,0.5,0.5,103.87,0.01
conn-bench-sonar-mines-rocks,30,"{'clf__n_jobs': -1, 'clf__n_estimators': 250, 'clf__max_depth': 12, 'clf__learning_rate': 0.35000000000000003, 'clf__colsample_bytree': 0.6000000000000002}",0.3333333333333333,0.0,0.5,0.25,0.5,0.5,104.74,0.02
conn-bench-vowel-deterding,31,"{'clf__n_jobs': -1, 'clf__n_estimators': 300, 'clf__max_depth': 40, 'clf__learning_rate': 0.1, 'clf__colsample_bytree': 0.5000000000000001}",0.6666666666666666,0.0,0.0,0.3333333333333333,1.0,1.0,104.68,0.01
contrac,32,"{'clf__n_jobs': -1, 'clf__n_estimators': 550, 'clf__max_depth': 22, 'clf__learning_rate': 0.5, 'clf__colsample_bytree': 0.8500000000000002}",0.3333333333333333,0.0,0.5,0.25,0.5,0.5,104.02,0.01
credit-approval,33,"{'clf__n_jobs': -1, 'clf__n_estimators': 250, 'clf__max_depth': 12, 'clf__learning_rate': 0.35000000000000003, 'clf__colsample_bytree': 0.6000000000000002}",0.3333333333333333,0.0,0.5,0.25,0.0,0.3333333333333333,102.80,0.01
cylinder-bands,34,"{'clf__n_jobs': -1, 'clf__n_estimators': 300, 'clf__max_depth': 15, 'clf__learning_rate': 0.3, 'clf__colsample_bytree': 0.6500000000000001}",0.6666666666666666,0.0,0.0,0.3333333333333333,0.0,0.3333333333333333,102.78,0.01
dermatology,35,"{'clf__n_jobs': -1, 'clf__n_estimators': 250, 'clf__max_depth': 31, 'clf__learning_rate': 0.8500000000000001, 'clf__colsample_bytree': 0.25000000000000006}",0.6666666666666666,0.0,0.0,0.3333333333333333,1.0,1.0,102.29,0.02
diabetes,36,"{'clf__n_jobs': -1, 'clf__n_estimators': 300, 'clf__max_depth': 15, 'clf__learning_rate': 0.3, 'clf__colsample_bytree': 0.6500000000000001}",0.6666666666666666,0.0,0.0,0.3333333333333333,0.5,0.5,102.67,0.01
diggle_table_a2,37,"{'clf__n_jobs': -1, 'clf__n_estimators': 950, 'clf__max_depth': 15, 'clf__learning_rate': 0.45, 'clf__colsample_bytree': 0.6500000000000001}",1.0,1.0,0.0,1.0,1.0,1.0,103.55,0.01
disclosure_z,38,"{'clf__n_jobs': -1, 'clf__n_estimators': 300, 'clf__max_depth': 15, 'clf__learning_rate': 0.3, 'clf__colsample_bytree': 0.6500000000000001}",0.0,0.0,1.0,0.0,0.0,0.3333333333333333,102.46,0.01
echocardiogram,39,"{'clf__n_jobs': -1, 'clf__n_estimators': 550, 'clf__max_depth': 22, 'clf__learning_rate': 0.5, 'clf__colsample_bytree': 0.8500000000000002}",0.6666666666666666,0.0,0.0,0.3333333333333333,1.0,1.0,103.27,0.01
ecoli,40,"{'clf__n_jobs': -1, 'clf__n_estimators': 250, 'clf__max_depth': 12, 'clf__learning_rate': 0.35000000000000003, 'clf__colsample_bytree': 0.6000000000000002}",1.0,1.0,0.0,1.0,1.0,1.0,102.69,0.01
elusage,41,"{'clf__n_jobs': -1, 'clf__n_estimators': 100, 'clf__max_depth': 19, 'clf__learning_rate': 0.15000000000000002, 'clf__colsample_bytree': 0.8000000000000002}",0.3333333333333333,0.0,0.5,0.25,0.0,0.3333333333333333,101.95,0.01
energy-y1,42,"{'clf__n_jobs': -1, 'clf__n_estimators': 250, 'clf__max_depth': 12, 'clf__learning_rate': 0.35000000000000003, 'clf__colsample_bytree': 0.6000000000000002}",0.3333333333333333,0.0,0.5,0.25,0.0,0.3333333333333333,102.23,0.01
energy-y2,43,"{'clf__n_jobs': -1, 'clf__n_estimators': 750, 'clf__max_depth': 17, 'clf__learning_rate': 0.05, 'clf__colsample_bytree': 0.30000000000000004}",0.3333333333333333,0.0,0.5,0.25,0.0,0.3333333333333333,102.84,0.01
fertility,44,"{'clf__n_jobs': -1, 'clf__n_estimators': 300, 'clf__max_depth': 15, 'clf__learning_rate': 0.3, 'clf__colsample_bytree': 0.6500000000000001}",0.6666666666666666,1.0,0.0,0.75,1.0,1.0,102.70,0.01
flags,45,"{'clf__n_jobs': -1, 'clf__n_estimators': 300, 'clf__max_depth': 15, 'clf__learning_rate': 0.3, 'clf__colsample_bytree': 0.6500000000000001}",0.6666666666666666,0.0,0.0,0.3333333333333333,1.0,1.0,102.80,0.01
fri_c0_250_5,46,"{'clf__n_jobs': -1, 'clf__n_estimators': 300, 'clf__max_depth': 15, 'clf__learning_rate': 0.3, 'clf__colsample_bytree': 0.6500000000000001}",0.3333333333333333,0.0,0.5,0.25,0.5,0.5,102.55,0.01
glass,47,"{'clf__n_jobs': -1, 'clf__n_estimators': 300, 'clf__max_depth': 15, 'clf__learning_rate': 0.3, 'clf__colsample_bytree': 0.6500000000000001}",0.6666666666666666,0.0,0.0,0.3333333333333333,1.0,1.0,102.77,0.01
haberman-survival,48,"{'clf__n_jobs': -1, 'clf__n_estimators': 950, 'clf__max_depth': 26, 'clf__learning_rate': 0.25, 'clf__colsample_bytree': 0.5500000000000002}",0.6666666666666666,0.0,0.0,0.3333333333333333,0.5,0.5,103.42,0.01
hayes-roth,49,"{'clf__n_jobs': -1, 'clf__n_estimators': 950, 'clf__max_depth': 15, 'clf__learning_rate': 0.45, 'clf__colsample_bytree': 0.6500000000000001}",0.6666666666666666,0.0,0.0,0.3333333333333333,1.0,1.0,103.63,0.01
heart-cleveland,50,"{'clf__n_jobs': -1, 'clf__n_estimators': 600, 'clf__max_depth': 18, 'clf__learning_rate': 0.8500000000000001, 'clf__colsample_bytree': 0.15000000000000002}",0.6666666666666666,0.0,0.0,0.3333333333333333,0.5,0.5,102.47,0.01
heart-hungarian,51,"{'clf__n_jobs': -1, 'clf__n_estimators': 500, 'clf__max_depth': 40, 'clf__learning_rate': 0.9500000000000001, 'clf__colsample_bytree': 0.30000000000000004}",0.3333333333333333,0.0,0.5,0.25,0.0,0.3333333333333333,102.44,0.01
heart-switzerland,52,"{'clf__n_jobs': -1, 'clf__n_estimators': 600, 'clf__max_depth': 18, 'clf__learning_rate': 0.8500000000000001, 'clf__colsample_bytree': 0.15000000000000002}",1.0,1.0,0.0,1.0,1.0,1.0,102.52,0.01
heart-va,53,"{'clf__n_jobs': -1, 'clf__n_estimators': 100, 'clf__max_depth': 19, 'clf__learning_rate': 0.15000000000000002, 'clf__colsample_bytree': 0.8000000000000002}",0.6666666666666666,0.0,0.0,0.3333333333333333,0.0,0.3333333333333333,101.92,0.01
hill-valley,54,"{'clf__n_jobs': -1, 'clf__n_estimators': 650, 'clf__max_depth': 31, 'clf__learning_rate': 0.1, 'clf__colsample_bytree': 0.7000000000000002}",1.0,1.0,0.0,1.0,1.0,1.0,103.65,0.01
horse-colic,55,"{'clf__n_jobs': -1, 'clf__n_estimators': 600, 'clf__max_depth': 18, 'clf__learning_rate': 0.8500000000000001, 'clf__colsample_bytree': 0.15000000000000002}",0.6666666666666666,0.0,0.0,0.3333333333333333,0.0,0.3333333333333333,102.27,0.01
ilpd-indian-liver,56,"{'clf__n_jobs': -1, 'clf__n_estimators': 300, 'clf__max_depth': 40, 'clf__learning_rate': 0.1, 'clf__colsample_bytree': 0.5000000000000001}",0.6666666666666666,0.0,0.0,0.3333333333333333,1.0,1.0,102.80,0.01
image-segmentation,57,"{'clf__n_jobs': -1, 'clf__n_estimators': 650, 'clf__max_depth': 31, 'clf__learning_rate': 0.1, 'clf__colsample_bytree': 0.7000000000000002}",0.3333333333333333,0.0,0.5,0.25,0.0,0.3333333333333333,103.39,0.01
ionosphere,58,"{'clf__n_jobs': -1, 'clf__n_estimators': 600, 'clf__max_depth': 26, 'clf__learning_rate': 0.25, 'clf__colsample_bytree': 0.7000000000000002}",0.3333333333333333,0.0,0.5,0.25,0.0,0.3333333333333333,103.11,0.01
iris,59,"{'clf__n_jobs': -1, 'clf__n_estimators': 500, 'clf__max_depth': 49, 'clf__learning_rate': 0.8500000000000001, 'clf__colsample_bytree': 0.8000000000000002}",1.0,1.0,0.0,1.0,1.0,1.0,102.95,0.01
kc3,60,"{'clf__n_jobs': -1, 'clf__n_estimators': 250, 'clf__max_depth': 12, 'clf__learning_rate': 0.35000000000000003, 'clf__colsample_bytree': 0.6000000000000002}",0.3333333333333333,0.0,0.5,0.25,0.5,0.5,102.26,0.01
led-display,61,"{'clf__n_jobs': -1, 'clf__n_estimators': 500, 'clf__max_depth': 49, 'clf__learning_rate': 0.8500000000000001, 'clf__colsample_bytree': 0.8000000000000002}",0.6666666666666666,0.0,0.0,0.3333333333333333,0.0,0.3333333333333333,102.35,0.02
lenses,62,"{'clf__n_jobs': -1, 'clf__n_estimators': 600, 'clf__max_depth': 18, 'clf__learning_rate': 0.8500000000000001, 'clf__colsample_bytree': 0.15000000000000002}",1.0,1.0,0.0,1.0,1.0,1.0,102.32,0.01
libras,63,"{'clf__n_jobs': -1, 'clf__n_estimators': 650, 'clf__max_depth': 31, 'clf__learning_rate': 0.1, 'clf__colsample_bytree': 0.7000000000000002}",0.6666666666666666,0.0,0.0,0.3333333333333333,0.5,0.5,103.63,0.01
low-res-spect,64,"{'clf__n_jobs': -1, 'clf__n_estimators': 600, 'clf__max_depth': 26, 'clf__learning_rate': 0.25, 'clf__colsample_bytree': 0.7000000000000002}",1.0,1.0,0.0,1.0,1.0,1.0,103.25,0.01
lowbwt,65,"{'clf__n_jobs': -1, 'clf__n_estimators': 250, 'clf__max_depth': 12, 'clf__learning_rate': 0.35000000000000003, 'clf__colsample_bytree': 0.6000000000000002}",0.6666666666666666,0.0,0.0,0.3333333333333333,0.0,0.3333333333333333,102.38,0.01
lung-cancer,66,"{'clf__n_jobs': -1, 'clf__n_estimators': 600, 'clf__max_depth': 26, 'clf__learning_rate': 0.25, 'clf__colsample_bytree': 0.7000000000000002}",1.0,1.0,0.0,1.0,1.0,1.0,103.45,0.01
lupus,67,"{'clf__n_jobs': -1, 'clf__n_estimators': 500, 'clf__max_depth': 49, 'clf__learning_rate': 0.8500000000000001, 'clf__colsample_bytree': 0.8000000000000002}",0.3333333333333333,0.0,0.5,0.25,0.5,0.5,102.73,0.01
lymphography,68,"{'clf__n_jobs': -1, 'clf__n_estimators': 600, 'clf__max_depth': 18, 'clf__learning_rate': 0.8500000000000001, 'clf__colsample_bytree': 0.15000000000000002}",1.0,1.0,0.0,1.0,1.0,1.0,102.16,0.01
mammographic,69,"{'clf__n_jobs': -1, 'clf__n_estimators': 600, 'clf__max_depth': 18, 'clf__learning_rate': 0.8500000000000001, 'clf__colsample_bytree': 0.15000000000000002}",1.0,1.0,0.0,1.0,1.0,1.0,102.01,0.01
meta,70,"{'clf__n_jobs': -1, 'clf__n_estimators': 950, 'clf__max_depth': 15, 'clf__learning_rate': 0.45, 'clf__colsample_bytree': 0.6500000000000001}",0.3333333333333333,0.0,0.5,0.25,0.5,0.5,103.23,0.01
mfeat-karhunen,71,"{'clf__n_jobs': -1, 'clf__n_estimators': 650, 'clf__max_depth': 31, 'clf__learning_rate': 0.1, 'clf__colsample_bytree': 0.7000000000000002}",1.0,1.0,0.0,1.0,1.0,1.0,103.68,0.01
mfeat-morphological,72,"{'clf__n_jobs': -1, 'clf__n_estimators': 850, 'clf__max_depth': 34, 'clf__learning_rate': 0.35000000000000003, 'clf__colsample_bytree': 0.5000000000000001}",0.6666666666666666,0.0,0.0,0.3333333333333333,0.0,0.3333333333333333,103.03,0.01
molec-biol-promoter,73,"{'clf__n_jobs': -1, 'clf__n_estimators': 950, 'clf__max_depth': 15, 'clf__learning_rate': 0.45, 'clf__colsample_bytree': 0.6500000000000001}",0.6666666666666666,0.0,0.0,0.3333333333333333,1.0,1.0,103.27,0.01
molec-biol-splice,74,"{'clf__n_jobs': -1, 'clf__n_estimators': 300, 'clf__max_depth': 40, 'clf__learning_rate': 0.1, 'clf__colsample_bytree': 0.5000000000000001}",0.3333333333333333,0.0,0.5,0.25,0.0,0.3333333333333333,102.25,0.01
monks-1,75,"{'clf__n_jobs': -1, 'clf__n_estimators': 700, 'clf__max_depth': 40, 'clf__learning_rate': 0.25, 'clf__colsample_bytree': 0.7000000000000002}",0.3333333333333333,0.0,0.5,0.25,0.0,0.3333333333333333,103.09,0.01
monks-2,76,"{'clf__n_jobs': -1, 'clf__n_estimators': 300, 'clf__max_depth': 40, 'clf__learning_rate': 0.1, 'clf__colsample_bytree': 0.5000000000000001}",0.6666666666666666,0.0,0.0,0.3333333333333333,0.5,0.5,102.50,0.01
monks-3,77,"{'clf__n_jobs': -1, 'clf__n_estimators': 300, 'clf__max_depth': 40, 'clf__learning_rate': 0.1, 'clf__colsample_bytree': 0.5000000000000001}",0.6666666666666666,0.0,0.0,0.3333333333333333,0.0,0.3333333333333333,102.44,0.01
mushroom,78,"{'clf__n_jobs': -1, 'clf__n_estimators': 500, 'clf__max_depth': 49, 'clf__learning_rate': 0.8500000000000001, 'clf__colsample_bytree': 0.8000000000000002}",0.6666666666666666,1.0,0.0,0.75,1.0,1.0,102.96,0.01
musk-1,79,"{'clf__n_jobs': -1, 'clf__n_estimators': 300, 'clf__max_depth': 40, 'clf__learning_rate': 0.1, 'clf__colsample_bytree': 0.5000000000000001}",1.0,1.0,0.0,1.0,1.0,1.0,102.74,0.01
newton_hema,80,"{'clf__n_jobs': -1, 'clf__n_estimators': 650, 'clf__max_depth': 31, 'clf__learning_rate': 0.1, 'clf__colsample_bytree': 0.7000000000000002}",1.0,1.0,0.0,1.0,1.0,1.0,103.70,0.01
no2,81,"{'clf__n_jobs': -1, 'clf__n_estimators': 600, 'clf__max_depth': 18, 'clf__learning_rate': 0.8500000000000001, 'clf__colsample_bytree': 0.15000000000000002}",0.6666666666666666,0.0,0.0,0.3333333333333333,0.5,0.5,102.18,0.01
oocytes_merluccius_nucleus_4d,82,"{'clf__n_jobs': -1, 'clf__n_estimators': 100, 'clf__max_depth': 15, 'clf__learning_rate': 0.8, 'clf__colsample_bytree': 1.0000000000000004}",0.0,0.0,1.0,0.0,0.0,0.3333333333333333,101.93,0.01
oocytes_merluccius_states_2f,83,"{'clf__n_jobs': -1, 'clf__n_estimators': 500, 'clf__max_depth': 49, 'clf__learning_rate': 0.8500000000000001, 'clf__colsample_bytree': 0.8000000000000002}",0.6666666666666666,0.0,0.0,0.3333333333333333,0.5,0.5,102.98,0.01
oocytes_trisopterus_nucleus_2f,84,"{'clf__n_jobs': -1, 'clf__n_estimators': 950, 'clf__max_depth': 26, 'clf__learning_rate': 0.25, 'clf__colsample_bytree': 0.5500000000000002}",1.0,1.0,0.0,1.0,1.0,1.0,103.42,0.01
oocytes_trisopterus_states_5b,85,"{'clf__n_jobs': -1, 'clf__n_estimators': 650, 'clf__max_depth': 31, 'clf__learning_rate': 0.1, 'clf__colsample_bytree': 0.7000000000000002}",0.6666666666666666,0.0,0.0,0.3333333333333333,0.0,0.3333333333333333,103.59,0.01
ozone,86,"{'clf__n_jobs': -1, 'clf__n_estimators': 500, 'clf__max_depth': 49, 'clf__learning_rate': 0.8500000000000001, 'clf__colsample_bytree': 0.8000000000000002}",0.6666666666666666,0.0,0.0,0.3333333333333333,0.0,0.3333333333333333,102.43,0.01
parkinsons,87,"{'clf__n_jobs': -1, 'clf__n_estimators': 600, 'clf__max_depth': 26, 'clf__learning_rate': 0.25, 'clf__colsample_bytree': 0.7000000000000002}",0.3333333333333333,0.0,0.5,0.25,0.5,0.5,103.19,0.01
pima,88,"{'clf__n_jobs': -1, 'clf__n_estimators': 600, 'clf__max_depth': 18, 'clf__learning_rate': 0.8500000000000001, 'clf__colsample_bytree': 0.15000000000000002}",1.0,1.0,0.0,1.0,1.0,1.0,102.32,0.01
pittsburg-bridges-MATERIAL,89,"{'clf__n_jobs': -1, 'clf__n_estimators': 600, 'clf__max_depth': 18, 'clf__learning_rate': 0.8500000000000001, 'clf__colsample_bytree': 0.15000000000000002}",0.6666666666666666,0.0,0.0,0.3333333333333333,0.5,0.5,102.39,0.01
pittsburg-bridges-REL-L,90,"{'clf__n_jobs': -1, 'clf__n_estimators': 850, 'clf__max_depth': 24, 'clf__learning_rate': 0.6500000000000001, 'clf__colsample_bytree': 0.5000000000000001}",0.3333333333333333,0.0,0.5,0.25,0.5,0.5,102.77,0.01
pittsburg-bridges-SPAN,91,"{'clf__n_jobs': -1, 'clf__n_estimators': 750, 'clf__max_depth': 19, 'clf__learning_rate': 0.25, 'clf__colsample_bytree': 0.1}",1.0,1.0,0.0,1.0,1.0,1.0,102.44,0.01
pittsburg-bridges-TYPE,92,"{'clf__n_jobs': -1, 'clf__n_estimators': 750, 'clf__max_depth': 46, 'clf__learning_rate': 0.25, 'clf__colsample_bytree': 0.6000000000000002}",1.0,1.0,0.0,1.0,1.0,1.0,103.29,0.01
planning,93,"{'clf__n_jobs': -1, 'clf__n_estimators': 100, 'clf__max_depth': 19, 'clf__learning_rate': 0.15000000000000002, 'clf__colsample_bytree': 0.8000000000000002}",0.3333333333333333,0.0,0.5,0.25,0.5,0.5,102.16,0.01
plant-margin,94,"{'clf__n_jobs': -1, 'clf__n_estimators': 250, 'clf__max_depth': 46, 'clf__learning_rate': 0.8500000000000001, 'clf__colsample_bytree': 0.6000000000000002}",1.0,1.0,0.0,1.0,1.0,1.0,102.47,0.01
plant-shape,95,"{'clf__n_jobs': -1, 'clf__n_estimators': 250, 'clf__max_depth': 46, 'clf__learning_rate': 0.8500000000000001, 'clf__colsample_bytree': 0.6000000000000002}",0.3333333333333333,0.0,0.5,0.25,0.5,0.5,102.25,0.01
plant-texture,96,"{'clf__n_jobs': -1, 'clf__n_estimators': 150, 'clf__max_depth': 29, 'clf__learning_rate': 0.6500000000000001, 'clf__colsample_bytree': 0.45000000000000007}",1.0,1.0,0.0,1.0,1.0,1.0,102.37,0.01
plasma_retinol,97,"{'clf__n_jobs': -1, 'clf__n_estimators': 100, 'clf__max_depth': 15, 'clf__learning_rate': 0.8, 'clf__colsample_bytree': 1.0000000000000004}",0.6666666666666666,0.0,0.0,0.3333333333333333,1.0,1.0,102.19,0.01
pm10,98,"{'clf__n_jobs': -1, 'clf__n_estimators': 600, 'clf__max_depth': 22, 'clf__learning_rate': 0.8, 'clf__colsample_bytree': 0.5000000000000001}",0.3333333333333333,0.0,0.5,0.25,0.0,0.3333333333333333,102.27,0.01
post-operative,99,"{'clf__n_jobs': -1, 'clf__n_estimators': 200, 'clf__max_depth': 49, 'clf__learning_rate': 0.15000000000000002, 'clf__colsample_bytree': 0.3500000000000001}",1.0,1.0,0.0,1.0,1.0,1.0,102.48,0.01
prnn_synth,100,"{'clf__n_jobs': -1, 'clf__n_estimators': 100, 'clf__max_depth': 19, 'clf__learning_rate': 0.15000000000000002, 'clf__colsample_bytree': 0.8000000000000002}",0.6666666666666666,0.0,0.0,0.3333333333333333,0.5,0.5,102.18,0.01
rabe_131,101,"{'clf__n_jobs': -1, 'clf__n_estimators': 200, 'clf__max_depth': 49, 'clf__learning_rate': 0.15000000000000002, 'clf__colsample_bytree': 0.3500000000000001}",1.0,1.0,0.0,1.0,1.0,1.0,102.48,0.01
rmftsa_sleepdata,102,"{'clf__n_jobs': -1, 'clf__n_estimators': 200, 'clf__max_depth': 49, 'clf__learning_rate': 0.15000000000000002, 'clf__colsample_bytree': 0.3500000000000001}",1.0,1.0,0.0,1.0,1.0,1.0,102.46,0.01
schizo,103,"{'clf__n_jobs': -1, 'clf__n_estimators': 550, 'clf__max_depth': 22, 'clf__learning_rate': 0.5, 'clf__colsample_bytree': 0.8500000000000002}",1.0,1.0,0.0,1.0,1.0,1.0,103.07,0.01
seeds,104,"{'clf__n_jobs': -1, 'clf__n_estimators': 100, 'clf__max_depth': 15, 'clf__learning_rate': 0.8, 'clf__colsample_bytree': 1.0000000000000004}",0.6666666666666666,0.0,0.0,0.3333333333333333,1.0,1.0,102.14,0.01
semeion,105,"{'clf__n_jobs': -1, 'clf__n_estimators': 600, 'clf__max_depth': 22, 'clf__learning_rate': 0.8, 'clf__colsample_bytree': 0.5000000000000001}",0.6666666666666666,0.0,0.0,0.3333333333333333,1.0,1.0,102.59,0.01
sleuth_case2002,106,"{'clf__n_jobs': -1, 'clf__n_estimators': 400, 'clf__max_depth': 26, 'clf__learning_rate': 0.4, 'clf__colsample_bytree': 0.9000000000000002}",1.0,1.0,0.0,1.0,1.0,1.0,102.88,0.01
socmob,107,"{'clf__n_jobs': -1, 'clf__n_estimators': 250, 'clf__max_depth': 12, 'clf__learning_rate': 0.35000000000000003, 'clf__colsample_bytree': 0.6000000000000002}",0.3333333333333333,0.0,0.5,0.25,0.5,0.5,102.75,0.01
soybean,108,"{'clf__n_jobs': -1, 'clf__n_estimators': 200, 'clf__max_depth': 49, 'clf__learning_rate': 0.15000000000000002, 'clf__colsample_bytree': 0.3500000000000001}",0.6666666666666666,0.0,0.0,0.3333333333333333,0.5,0.5,102.25,0.01
spambase,109,"{'clf__n_jobs': -1, 'clf__n_estimators': 600, 'clf__max_depth': 22, 'clf__learning_rate': 0.8, 'clf__colsample_bytree': 0.5000000000000001}",0.3333333333333333,0.0,0.5,0.25,0.0,0.3333333333333333,102.53,0.01
spect,110,"{'clf__n_jobs': -1, 'clf__n_estimators': 750, 'clf__max_depth': 17, 'clf__learning_rate': 0.15000000000000002, 'clf__colsample_bytree': 0.9000000000000002}",0.3333333333333333,0.0,0.5,0.25,0.0,0.3333333333333333,103.87,0.01
squash-stored,111,"{'clf__n_jobs': -1, 'clf__n_estimators': 350, 'clf__max_depth': 5, 'clf__learning_rate': 0.9000000000000001, 'clf__colsample_bytree': 0.7500000000000002}",0.3333333333333333,0.0,0.5,0.25,0.5,0.5,102.46,0.01
squash-unstored,112,"{'clf__n_jobs': -1, 'clf__n_estimators': 200, 'clf__max_depth': 49, 'clf__learning_rate': 0.15000000000000002, 'clf__colsample_bytree': 0.3500000000000001}",1.0,1.0,0.0,1.0,1.0,1.0,102.26,0.01
statlog-australian-credit,113,"{'clf__n_jobs': -1, 'clf__n_estimators': 850, 'clf__max_depth': 44, 'clf__learning_rate': 0.7000000000000001, 'clf__colsample_bytree': 0.6500000000000001}",1.0,1.0,0.0,1.0,1.0,1.0,103.02,0.01
statlog-german-credit,114,"{'clf__n_jobs': -1, 'clf__n_estimators': 250, 'clf__max_depth': 12, 'clf__learning_rate': 0.35000000000000003, 'clf__colsample_bytree': 0.6000000000000002}",0.6666666666666666,0.0,0.0,0.3333333333333333,0.5,0.5,102.32,0.01
statlog-image,115,"{'clf__n_jobs': -1, 'clf__n_estimators': 350, 'clf__max_depth': 5, 'clf__learning_rate': 0.9000000000000001, 'clf__colsample_bytree': 0.7500000000000002}",0.3333333333333333,0.0,0.5,0.25,0.0,0.3333333333333333,102.07,0.01
statlog-vehicle,116,"{'clf__n_jobs': -1, 'clf__n_estimators': 350, 'clf__max_depth': 5, 'clf__learning_rate': 0.9000000000000001, 'clf__colsample_bytree': 0.7500000000000002}",0.6666666666666666,0.0,0.0,0.3333333333333333,0.5,0.5,102.42,0.01
steel-plates,117,"{'clf__n_jobs': -1, 'clf__n_estimators': 200, 'clf__max_depth': 49, 'clf__learning_rate': 0.15000000000000002, 'clf__colsample_bytree': 0.3500000000000001}",0.6666666666666666,0.0,0.0,0.3333333333333333,0.5,0.5,102.30,0.01
synthetic-control,118,"{'clf__n_jobs': -1, 'clf__n_estimators': 200, 'clf__max_depth': 49, 'clf__learning_rate': 0.15000000000000002, 'clf__colsample_bytree': 0.3500000000000001}",0.3333333333333333,0.0,0.5,0.25,0.0,0.3333333333333333,102.03,0.01
tae,119,"{'clf__n_jobs': -1, 'clf__n_estimators': 550, 'clf__max_depth': 22, 'clf__learning_rate': 0.5, 'clf__colsample_bytree': 0.8500000000000002}",0.6666666666666666,0.0,0.0,0.3333333333333333,0.0,0.3333333333333333,103.04,0.01
teaching,120,"{'clf__n_jobs': -1, 'clf__n_estimators': 400, 'clf__max_depth': 26, 'clf__learning_rate': 0.4, 'clf__colsample_bytree': 0.9000000000000002}",1.0,1.0,0.0,1.0,1.0,1.0,103.27,0.01
teachingAssistant,121,"{'clf__n_jobs': -1, 'clf__n_estimators': 100, 'clf__max_depth': 19, 'clf__learning_rate': 0.15000000000000002, 'clf__colsample_bytree': 0.8000000000000002}",1.0,1.0,0.0,1.0,1.0,1.0,115.74,0.01
tic-tac-toe,122,"{'clf__n_jobs': -1, 'clf__n_estimators': 850, 'clf__max_depth': 44, 'clf__learning_rate': 0.7000000000000001, 'clf__colsample_bytree': 0.6500000000000001}",0.3333333333333333,0.0,0.5,0.25,0.0,0.3333333333333333,111.54,0.01
titanic,123,"{'clf__n_jobs': -1, 'clf__n_estimators': 200, 'clf__max_depth': 49, 'clf__learning_rate': 0.15000000000000002, 'clf__colsample_bytree': 0.3500000000000001}",0.6666666666666666,0.0,0.0,0.3333333333333333,0.5,0.5,103.08,0.01
transplant,124,"{'clf__n_jobs': -1, 'clf__n_estimators': 200, 'clf__max_depth': 49, 'clf__learning_rate': 0.15000000000000002, 'clf__colsample_bytree': 0.3500000000000001}",0.6666666666666666,0.0,0.0,0.3333333333333333,0.5,0.5,102.66,0.01
triazines,125,"{'clf__n_jobs': -1, 'clf__n_estimators': 600, 'clf__max_depth': 26, 'clf__learning_rate': 0.25, 'clf__colsample_bytree': 0.7000000000000002}",0.3333333333333333,0.0,0.5,0.25,0.5,0.5,104.29,0.02
vertebral-column-2clases,126,"{'clf__n_jobs': -1, 'clf__n_estimators': 550, 'clf__max_depth': 22, 'clf__learning_rate': 0.5, 'clf__colsample_bytree': 0.8500000000000002}",0.6666666666666666,0.0,0.0,0.3333333333333333,0.5,0.5,104.95,0.01
vertebral-column-3clases,127,"{'clf__n_jobs': -1, 'clf__n_estimators': 800, 'clf__max_depth': 37, 'clf__learning_rate': 0.7500000000000001, 'clf__colsample_bytree': 0.45000000000000007}",0.3333333333333333,0.0,0.5,0.25,0.0,0.3333333333333333,103.30,0.01
visualizing_livestock,128,"{'clf__n_jobs': -1, 'clf__n_estimators': 850, 'clf__max_depth': 44, 'clf__learning_rate': 0.7000000000000001, 'clf__colsample_bytree': 0.6500000000000001}",1.0,1.0,0.0,1.0,1.0,1.0,103.96,0.01
vote,129,"{'clf__n_jobs': -1, 'clf__n_estimators': 600, 'clf__max_depth': 6, 'clf__learning_rate': 0.2, 'clf__colsample_bytree': 0.1}",0.3333333333333333,0.0,0.5,0.25,0.5,0.5,103.01,0.01
wall-following,130,"{'clf__n_jobs': -1, 'clf__n_estimators': 100, 'clf__max_depth': 15, 'clf__learning_rate': 0.8, 'clf__colsample_bytree': 1.0000000000000004}",0.3333333333333333,0.0,0.5,0.25,0.5,0.5,102.56,0.01
waveform-noise,131,"{'clf__n_jobs': -1, 'clf__n_estimators': 350, 'clf__max_depth': 7, 'clf__learning_rate': 0.9000000000000001, 'clf__colsample_bytree': 0.8000000000000002}",1.0,1.0,0.0,1.0,1.0,1.0,102.64,0.02
waveform,132,"{'clf__n_jobs': -1, 'clf__n_estimators': 600, 'clf__max_depth': 22, 'clf__learning_rate': 0.8, 'clf__colsample_bytree': 0.5000000000000001}",0.6666666666666666,0.0,0.0,0.3333333333333333,1.0,1.0,102.63,0.01
white-clover,133,"{'clf__n_jobs': -1, 'clf__n_estimators': 200, 'clf__max_depth': 49, 'clf__learning_rate': 0.15000000000000002, 'clf__colsample_bytree': 0.3500000000000001}",1.0,1.0,0.0,1.0,1.0,1.0,102.53,0.01
wine-quality-white,134,"{'clf__n_jobs': -1, 'clf__n_estimators': 200, 'clf__max_depth': 49, 'clf__learning_rate': 0.15000000000000002, 'clf__colsample_bytree': 0.3500000000000001}",0.6666666666666666,0.0,0.0,0.3333333333333333,0.5,0.5,102.26,0.01
wine,135,"{'clf__n_jobs': -1, 'clf__n_estimators': 350, 'clf__max_depth': 5, 'clf__learning_rate': 0.9000000000000001, 'clf__colsample_bytree': 0.7500000000000002}",0.6666666666666666,0.0,0.0,0.3333333333333333,0.0,0.3333333333333333,102.38,0.01
yeast,136,"{'clf__n_jobs': -1, 'clf__n_estimators': 350, 'clf__max_depth': 5, 'clf__learning_rate': 0.9000000000000001, 'clf__colsample_bytree': 0.7500000000000002}",0.3333333333333333,0.0,0.5,0.25,0.0,0.3333333333333333,106.79,0.01
zoo,137,"{'clf__n_jobs': -1, 'clf__n_estimators': 100, 'clf__max_depth': 15, 'clf__learning_rate': 0.8, 'clf__colsample_bytree': 1.0000000000000004}",1.0,1.0,0.0,1.0,1.0,1.0,102.37,0.01
